run,stage,capture_rate,avg_min_dist,avg_reward,wilson_lo,wilson_hi
single_pursuit_0613_1632_s0,1.0,0.16,444.75735471067907,-18743.657423593133,0.08337321362087696,0.2851448096176598
single_pursuit_0613_1632_s1,1.0,0.48,360.3340919063436,-8186.594926629556,0.3479691239550571,0.6148848774119157
single_pursuit_0613_1632_s2,1.5,0.08,472.16728131347986,-13688.632094425173,0.031549003255790686,0.18838502545063704
single_pursuit_0613_1632_s3,1.5,0.12,475.02848371732165,-10141.70351471617,0.05617523710624647,0.2380507888662358
single_pursuit_0613_1632_s4,1.5,0.04,534.4588269501114,-13112.771069405466,0.011038652660826577,0.13460337877954667
