run,stage,capture_rate,avg_min_dist,avg_reward,wilson_lo,wilson_hi
single_pursuit_0613_1814_s0,1.5,0.12,499.18653776152655,-13650.994848634182,0.05617523710624647,0.2380507888662358
single_pursuit_0613_1814_s1,1.5,0.18,496.25777319332366,-15825.467756315707,0.0977008273245379,0.3079631945470261
single_pursuit_0613_1814_s2,1.5,0.08,500.48524216082194,-15673.703621900157,0.031549003255790686,0.18838502545063704
