{
  "model_path": "benchmarks/sb3_2v1_97p3/model.zip",
  "difficulty": 0.3,
  "n_episodes": 1,
  "successes": 1,
  "capture_rate": 1.0,
  "ci_95_low": 0.20654329147389294,
  "ci_95_high": 1.0,
  "avg_reward": 8899.59709588311,
  "std_reward": 0.0,
  "avg_min_dist_m": 199.5854294173657,
  "std_min_dist_m": 0.0,
  "avg_intercept_time_s": 35.733333333333334,
  "std_intercept_time_s": 0.0,
  "avg_final_spacing_m": 1470.7423588005227,
  "std_final_spacing_m": 0.0
}