{
  "model_path": "benchmarks/sb3_2v1_97p3/model.zip",
  "difficulty": 0.0,
  "n_episodes": 1,
  "successes": 1,
  "capture_rate": 1.0,
  "ci_95_low": 0.20654329147389294,
  "ci_95_high": 1.0,
  "avg_reward": 5645.562218250627,
  "std_reward": 0.0,
  "avg_min_dist_m": 199.95897398481478,
  "std_min_dist_m": 0.0,
  "avg_intercept_time_s": 22.316666666666666,
  "std_intercept_time_s": 0.0,
  "avg_final_spacing_m": 4821.344448830442,
  "std_final_spacing_m": 0.0
}