{
  "model_path": "benchmarks/sb3_2v1_97p3/model.zip",
  "difficulty": 0.6,
  "n_episodes": 1,
  "successes": 1,
  "capture_rate": 1.0,
  "ci_95_low": 0.20654329147389294,
  "ci_95_high": 1.0,
  "avg_reward": 5972.911924909091,
  "std_reward": 0.0,
  "avg_min_dist_m": 199.47936166688174,
  "std_min_dist_m": 0.0,
  "avg_intercept_time_s": 70.53333333333333,
  "std_intercept_time_s": 0.0,
  "avg_final_spacing_m": 5397.0650927733805,
  "std_final_spacing_m": 0.0
}